"0","dataset[1:10, 1:10]
"
"1","  "
"1"," rs34684677"
"1"," rs1839115"
"1"," rs4727804"
"1"," rs4727805"
"1"," rs200888633"
"1"," rs12534908"
"1","
1 "
"1","        T/G"
"1","       C/T"
"1","       G/A"
"1","       T/G"
"1","         T/G"
"1","        G/A"
"1","
2 "
"1","        G/G"
"1","       T/T"
"1","       A/A"
"1","       G/G"
"1","         T/G"
"1","        A/A"
"1","
3 "
"1","        G/G"
"1","       T/T"
"1","       A/A"
"1","       G/G"
"1","         T/G"
"1","        A/A"
"1","
4 "
"1","        G/G"
"1","       T/T"
"1","       A/A"
"1","       G/G"
"1","         T/T"
"1","        A/A"
"1","
5 "
"1","        G/G"
"1","       T/T"
"1","       A/A"
"1","       G/G"
"1","         T/T"
"1","        A/A"
"1","
6 "
"1","        T/T"
"1","       C/C"
"1","       G/G"
"1","       T/G"
"1","         G/G"
"1","        G/G"
"1","
7 "
"1","        G/G"
"1","       T/T"
"1","       A/A"
"1","       G/G"
"1","         G/G"
"1","        A/A"
"1","
8 "
"1","        T/G"
"1","       C/T"
"1","       G/A"
"1","       G/G"
"1","         G/G"
"1","        G/A"
"1","
9 "
"1","        T/G"
"1","       C/T"
"1","       G/A"
"1","       G/G"
"1","         T/G"
"1","        G/A"
"1","
10"
"1","        G/G"
"1","       T/T"
"1","       A/A"
"1","       G/G"
"1","         G/G"
"1","        A/A"
"1","
"
"1","  "
"1"," rs12533049"
"1"," rs77861356"
"1"," rs6945561"
"1"," rs2894715"
"1","
1 "
"1","        C/T"
"1","        T/T"
"1","       C/T"
"1","       G/T"
"1","
2 "
"1","        T/T"
"1","        T/T"
"1","       T/T"
"1","       G/T"
"1","
3 "
"1","        T/T"
"1","        T/T"
"1","       T/T"
"1","       G/T"
"1","
4 "
"1","        T/T"
"1","        T/T"
"1","       T/T"
"1","       G/G"
"1","
5 "
"1","        T/T"
"1","        T/T"
"1","       T/T"
"1","       G/G"
"1","
6 "
"1","        C/C"
"1","        T/T"
"1","       C/C"
"1","       T/T"
"1","
7 "
"1","        T/T"
"1","        T/T"
"1","       T/T"
"1","       T/T"
"1","
8 "
"1","        C/T"
"1","        T/T"
"1","       C/T"
"1","       T/T"
"1","
9 "
"1","        C/T"
"1","        T/T"
"1","       C/T"
"1","       G/T"
"1","
10"
"1","        T/T"
"1","        A/T"
"1","       T/T"
"1","       T/T"
"1","
"
